eventDate,year,stateProvince,locality,longitude,latitude,id,reason
1962-06-21T00:00:00Z,1962,New Britain,NA,NA,NA,381,Undefined longitude or latitude
1962-06-21T00:00:00Z,1962,New Britain,NA,NA,NA,382,Undefined longitude or latitude
1962-06-21T00:00:00Z,1962,New Britain,NA,NA,NA,383,Undefined longitude or latitude
1962-06-21T00:00:00Z,1962,New Britain,NA,NA,NA,384,Undefined longitude or latitude
1966-05-07T00:00:00Z,1966,NA,NA,NA,NA,522,Undefined longitude or latitude
1967-09-17T00:00:00Z,1967,NA,NA,NA,NA,547,Undefined longitude or latitude
1967-09-17T00:00:00Z,1967,NA,NA,NA,NA,548,Undefined longitude or latitude
1972-08-02T00:00:00Z,1972,Morobe Province,NA,NA,NA,798,Undefined longitude or latitude
1991-01-01T00:00:00Z,1991,NA,NA,NA,NA,2627,Undefined longitude or latitude
1991-01-01T00:00:00Z,1991,NA,NA,NA,NA,2628,Undefined longitude or latitude
1993-01-01T00:00:00Z,1993,NA,NA,NA,NA,3341,Undefined longitude or latitude
1993-01-01T00:00:00Z,1993,NA,NA,NA,NA,3342,Undefined longitude or latitude
1993-12-22T00:00:00Z,1993,NA,NA,NA,NA,4015,Undefined longitude or latitude
1993-12-23T00:00:00Z,1993,NA,NA,NA,NA,4016,Undefined longitude or latitude
1993-12-24T00:00:00Z,1993,NA,NA,NA,NA,4019,Undefined longitude or latitude
1994-01-05T00:00:00Z,1994,NA,NA,NA,NA,4073,Undefined longitude or latitude
1994-01-06T00:00:00Z,1994,NA,NA,NA,NA,4076,Undefined longitude or latitude
1994-01-07T00:00:00Z,1994,NA,NA,NA,NA,4077,Undefined longitude or latitude
1994-01-10T00:00:00Z,1994,NA,NA,NA,NA,4085,Undefined longitude or latitude
1994-01-10T00:00:00Z,1994,NA,NA,NA,NA,4086,Undefined longitude or latitude
1994-01-11T00:00:00Z,1994,NA,NA,NA,NA,4087,Undefined longitude or latitude
1994-01-20T00:00:00Z,1994,NA,NA,NA,NA,4112,Undefined longitude or latitude
1994-05-01T00:00:00Z,1994,NA,NA,NA,NA,4298,Undefined longitude or latitude
1994-06-23T00:00:00Z,1994,NA,NA,NA,NA,4370,Undefined longitude or latitude
1994-12-16T00:00:00Z,1994,NA,NA,NA,NA,4715,Undefined longitude or latitude
1994-12-16T00:00:00Z,1994,NA,NA,NA,NA,4716,Undefined longitude or latitude
1994-12-16T00:00:00Z,1994,NA,NA,NA,NA,4717,Undefined longitude or latitude
1994-12-16T00:00:00Z,1994,NA,NA,NA,NA,4718,Undefined longitude or latitude
1994-12-16T00:00:00Z,1994,NA,NA,NA,NA,4719,Undefined longitude or latitude
1994-12-23T00:00:00Z,1994,NA,NA,NA,NA,4735,Undefined longitude or latitude
1994-12-23T00:00:00Z,1994,NA,NA,NA,NA,4736,Undefined longitude or latitude
1994-12-23T00:00:00Z,1994,NA,NA,NA,NA,4737,Undefined longitude or latitude
1995-01-01T00:00:00Z,1995,NA,NA,NA,NA,4752,Undefined longitude or latitude
1995-02-15T00:00:00Z,1995,NA,NA,NA,NA,4853,Undefined longitude or latitude
1995-06-01T00:00:00Z,1995,NA,NA,NA,NA,4952,Undefined longitude or latitude
1995-06-01T00:00:00Z,1995,NA,NA,NA,NA,4953,Undefined longitude or latitude
1995-06-01T00:00:00Z,1995,NA,NA,NA,NA,4954,Undefined longitude or latitude
1995-06-01T00:00:00Z,1995,NA,NA,NA,NA,4955,Undefined longitude or latitude
1995-06-01T00:00:00Z,1995,NA,NA,NA,NA,4956,Undefined longitude or latitude
1995-06-01T00:00:00Z,1995,NA,NA,NA,NA,4957,Undefined longitude or latitude
1996-01-01T00:00:00Z,1996,NA,NA,NA,NA,5048,Undefined longitude or latitude
1997-01-01T00:00:00Z,1997,NA,NA,NA,NA,5400,Undefined longitude or latitude
1997-01-01T00:00:00Z,1997,NA,NA,NA,NA,5401,Undefined longitude or latitude
1997-02-01T00:00:00Z,1997,NA,NA,NA,NA,5435,Undefined longitude or latitude
1997-02-01T00:00:00Z,1997,NA,NA,NA,NA,5436,Undefined longitude or latitude
1997-02-01T00:00:00Z,1997,NA,NA,NA,NA,5437,Undefined longitude or latitude
1997-02-01T00:00:00Z,1997,NA,NA,NA,NA,5438,Undefined longitude or latitude
1997-02-01T00:00:00Z,1997,NA,NA,NA,NA,5439,Undefined longitude or latitude
1997-02-01T00:00:00Z,1997,NA,NA,NA,NA,5440,Undefined longitude or latitude
1997-02-01T00:00:00Z,1997,NA,NA,NA,NA,5441,Undefined longitude or latitude
1997-02-01T00:00:00Z,1997,NA,NA,NA,NA,5442,Undefined longitude or latitude
1997-02-01T00:00:00Z,1997,NA,NA,NA,NA,5443,Undefined longitude or latitude
1997-02-01T00:00:00Z,1997,NA,NA,NA,NA,5444,Undefined longitude or latitude
1997-10-01T00:00:00Z,1997,NA,NA,NA,NA,5714,Undefined longitude or latitude
1997-10-03T00:00:00Z,1997,NA,NA,NA,NA,5715,Undefined longitude or latitude
1997-11-01T00:00:00Z,1997,NA,NA,NA,NA,5771,Undefined longitude or latitude
1998-01-01T00:00:00Z,1998,NA,NA,NA,NA,5867,Undefined longitude or latitude
1998-01-31T00:00:00Z,1998,Queensland,North Path Griffith University Brisbane,NA,NA,5887,Undefined longitude or latitude
1998-01-31T00:00:00Z,1998,Queensland,North Path Griffith University Brisbane,NA,NA,5888,Undefined longitude or latitude
1998-01-31T00:00:00Z,1998,Queensland,North Path Griffith University Brisbane,NA,NA,5889,Undefined longitude or latitude
1999-01-01T00:00:00Z,1999,NA,NA,NA,NA,6126,Undefined longitude or latitude
1999-01-01T00:00:00Z,1999,NA,NA,NA,NA,6127,Undefined longitude or latitude
1999-01-31T00:00:00Z,1999,NA,NA,NA,NA,6155,Undefined longitude or latitude
1999-03-03T00:00:00Z,1999,NA,NA,NA,NA,6188,Undefined longitude or latitude
1999-03-10T00:00:00Z,1999,NA,NA,NA,NA,6194,Undefined longitude or latitude
1999-03-12T00:00:00Z,1999,NA,NA,NA,NA,6197,Undefined longitude or latitude
1999-03-12T00:00:00Z,1999,NA,NA,NA,NA,6198,Undefined longitude or latitude
1999-03-12T00:00:00Z,1999,NA,NA,NA,NA,6199,Undefined longitude or latitude
1999-03-12T00:00:00Z,1999,NA,NA,NA,NA,6200,Undefined longitude or latitude
1999-03-12T00:00:00Z,1999,NA,NA,NA,NA,6201,Undefined longitude or latitude
1999-03-12T00:00:00Z,1999,NA,NA,NA,NA,6202,Undefined longitude or latitude
1999-03-12T00:00:00Z,1999,NA,NA,NA,NA,6203,Undefined longitude or latitude
1999-03-12T00:00:00Z,1999,NA,NA,NA,NA,6204,Undefined longitude or latitude
1999-03-17T00:00:00Z,1999,NA,NA,NA,NA,6210,Undefined longitude or latitude
1999-03-18T00:00:00Z,1999,NA,NA,NA,NA,6211,Undefined longitude or latitude
1999-03-31T00:00:00Z,1999,NA,NA,NA,NA,6248,Undefined longitude or latitude
1999-04-07T00:00:00Z,1999,NA,NA,NA,NA,6252,Undefined longitude or latitude
1999-04-14T00:00:00Z,1999,NA,NA,NA,NA,6266,Undefined longitude or latitude
1999-05-01T00:00:00Z,1999,NA,NA,NA,NA,6303,Undefined longitude or latitude
1999-05-16T00:00:00Z,1999,NA,NA,NA,NA,6307,Undefined longitude or latitude
1999-07-12T00:00:00Z,1999,NA,NA,NA,NA,6318,Undefined longitude or latitude
1999-07-13T00:00:00Z,1999,NA,NA,NA,NA,6319,Undefined longitude or latitude
1999-09-01T00:00:00Z,1999,NA,NA,NA,NA,6329,Undefined longitude or latitude
1999-09-14T00:00:00Z,1999,NA,NA,NA,NA,6333,Undefined longitude or latitude
2000-01-01T00:00:00Z,2000,NA,NA,NA,NA,6403,Undefined longitude or latitude
2000-02-06T00:00:00Z,2000,NA,NA,NA,NA,6445,Undefined longitude or latitude
2000-02-06T00:00:00Z,2000,NA,NA,NA,NA,6446,Undefined longitude or latitude
2000-02-06T00:00:00Z,2000,NA,NA,NA,NA,6447,Undefined longitude or latitude
2000-02-06T00:00:00Z,2000,NA,NA,NA,NA,6448,Undefined longitude or latitude
2000-02-06T00:00:00Z,2000,NA,NA,NA,NA,6449,Undefined longitude or latitude
2000-02-06T00:00:00Z,2000,NA,NA,NA,NA,6450,Undefined longitude or latitude
2000-02-06T00:00:00Z,2000,NA,NA,NA,NA,6451,Undefined longitude or latitude
2000-03-01T00:00:00Z,2000,NA,NA,NA,NA,6487,Undefined longitude or latitude
2000-05-01T00:00:00Z,2000,NA,NA,NA,NA,6570,Undefined longitude or latitude
2000-05-01T00:00:00Z,2000,NA,NA,NA,NA,6571,Undefined longitude or latitude
2000-05-01T00:00:00Z,2000,NA,NA,NA,NA,6572,Undefined longitude or latitude
2000-05-22T00:00:00Z,2000,NA,NA,NA,NA,6577,Undefined longitude or latitude
2001-03-16T00:00:00Z,2001,NA,NA,NA,NA,6803,Undefined longitude or latitude
2001-03-16T00:00:00Z,2001,NA,NA,NA,NA,6804,Undefined longitude or latitude
2001-03-16T00:00:00Z,2001,NA,NA,NA,NA,6805,Undefined longitude or latitude
2001-03-16T00:00:00Z,2001,NA,NA,NA,NA,6806,Undefined longitude or latitude
2001-07-01T00:00:00Z,2001,NA,NA,NA,NA,6913,Undefined longitude or latitude
2001-12-29T00:00:00Z,2001,NA,495 Wembley Rd.,NA,NA,7045,Undefined longitude or latitude
2002-01-31T00:00:00Z,2002,NA,NA,NA,NA,7070,Undefined longitude or latitude
2002-02-01T00:00:00Z,2002,NA,NA,NA,NA,7074,Undefined longitude or latitude
2002-05-13T00:00:00Z,2002,NA,NA,NA,NA,7156,Undefined longitude or latitude
2003-05-08T00:00:00Z,2003,NA,NA,NA,NA,7442,Undefined longitude or latitude
2003-10-02T00:00:00Z,2003,Queensland,Eacham,NA,NA,7512,Undefined longitude or latitude
2009-01-05T00:00:00Z,2009,Queensland,"9 Billagall Drive, Karana Downs",NA,NA,10506,Undefined longitude or latitude
2009-01-05T00:00:00Z,2009,Queensland,"9 Billagall Drive, Karana Downs",NA,NA,10507,Undefined longitude or latitude
2009-01-05T00:00:00Z,2009,Queensland,"9 Billagall Drive, Karana Downs",NA,NA,10508,Undefined longitude or latitude
2009-11-11T00:00:00Z,2009,Northern Territory,Litchfield - Pt B,NA,NA,11371,Undefined longitude or latitude
2009-11-11T00:00:00Z,2009,Northern Territory,Litchfield - Pt B,NA,NA,11372,Undefined longitude or latitude
2013-06-04T00:00:00Z,2013,Queensland,Townsville - Pt B,NA,NA,13002,Undefined longitude or latitude
2013-11-04T00:00:00Z,2013,Queensland,Johnstone,NA,NA,13781,Undefined longitude or latitude
2016-01-04T00:00:00Z,2016,New South Wales,Ballina,NA,NA,16586,Undefined longitude or latitude
2016-01-04T00:00:00Z,2016,New South Wales,Ballina,NA,NA,16587,Undefined longitude or latitude
2016-01-04T00:00:00Z,2016,New South Wales,Ballina,NA,NA,16588,Undefined longitude or latitude
2016-01-04T00:00:00Z,2016,New South Wales,Ballina,NA,NA,16589,Undefined longitude or latitude
2016-01-04T00:00:00Z,2016,New South Wales,Ballina,NA,NA,16590,Undefined longitude or latitude
2016-01-04T00:00:00Z,2016,New South Wales,Ballina,NA,NA,16591,Undefined longitude or latitude
2016-01-04T00:00:00Z,2016,New South Wales,Ballina,NA,NA,16592,Undefined longitude or latitude
2016-01-04T00:00:00Z,2016,New South Wales,Ballina,NA,NA,16593,Undefined longitude or latitude
2016-01-04T00:00:00Z,2016,New South Wales,Ballina,NA,NA,16594,Undefined longitude or latitude
2016-01-04T00:00:00Z,2016,New South Wales,Ballina,NA,NA,16595,Undefined longitude or latitude
2016-01-04T00:00:00Z,2016,New South Wales,Ballina,NA,NA,16596,Undefined longitude or latitude
2016-01-04T00:00:00Z,2016,New South Wales,Ballina,NA,NA,16597,Undefined longitude or latitude
2016-05-03T00:00:00Z,2016,Queensland,Cairns - Pt B,NA,NA,16752,Undefined longitude or latitude
2016-08-12T00:00:00Z,2016,Queensland,Murilla,NA,NA,16965,Undefined longitude or latitude
2016-08-12T00:00:00Z,2016,Queensland,Murilla,NA,NA,16966,Undefined longitude or latitude
2017-05-03T00:00:00Z,2017,Queensland,Cook,NA,NA,18321,Undefined longitude or latitude
2017-07-09T00:00:00Z,2017,Queensland,Cairns - Trinity,NA,NA,19037,Undefined longitude or latitude
2017-11-01T00:00:00Z,2017,Queensland,Cairns - Trinity,NA,NA,19433,Undefined longitude or latitude
2018-02-02T00:00:00Z,2018,Queensland,Cairns - Northern Suburbs,NA,NA,19828,Undefined longitude or latitude
2018-04-02T00:00:00Z,2018,Queensland,Burpengary-Narangba,NA,NA,20312,Undefined longitude or latitude
2019-03-29T00:00:00Z,2019,NA,Maud Creek,NA,NA,21754,Undefined longitude or latitude
2019-03-29T00:00:00Z,2019,NA,Maud Creek,NA,NA,21755,Undefined longitude or latitude
2019-03-29T00:00:00Z,2019,NA,Maud Creek,NA,NA,21756,Undefined longitude or latitude
2019-03-29T00:00:00Z,2019,NA,Maud Creek,NA,NA,21757,Undefined longitude or latitude
2019-03-30T00:00:00Z,2019,NA,Maud Creek,NA,NA,21763,Undefined longitude or latitude
2019-03-30T00:00:00Z,2019,NA,Maud Creek,NA,NA,21764,Undefined longitude or latitude
2019-03-31T00:00:00Z,2019,NA,Maud Creek,NA,NA,21768,Undefined longitude or latitude
2019-03-31T00:00:00Z,2019,NA,Maud Creek,NA,NA,21769,Undefined longitude or latitude
2019-03-31T00:00:00Z,2019,NA,Maud Creek,NA,NA,21770,Undefined longitude or latitude
2019-03-31T00:00:00Z,2019,NA,Maud Creek,NA,NA,21771,Undefined longitude or latitude
2019-04-02T00:00:00Z,2019,NA,Maud Creek,NA,NA,21778,Undefined longitude or latitude
2019-04-02T00:00:00Z,2019,NA,Maud Creek,NA,NA,21779,Undefined longitude or latitude
2019-04-02T00:00:00Z,2019,NA,Maud Creek,NA,NA,21780,Undefined longitude or latitude
2019-04-02T00:00:00Z,2019,NA,Maud Creek,NA,NA,21781,Undefined longitude or latitude
2019-04-03T00:00:00Z,2019,NA,Maud Creek,NA,NA,21783,Undefined longitude or latitude
2019-04-03T00:00:00Z,2019,NA,Maud Creek,NA,NA,21784,Undefined longitude or latitude
2019-04-03T00:00:00Z,2019,NA,Maud Creek,NA,NA,21787,Undefined longitude or latitude
2019-04-04T00:00:00Z,2019,NA,Maud Creek,NA,NA,21791,Undefined longitude or latitude
2019-04-07T00:00:00Z,2019,NA,Maud Creek,NA,NA,21806,Undefined longitude or latitude
2019-04-10T00:00:00Z,2019,NA,Maud Creek,NA,NA,21824,Undefined longitude or latitude
2019-04-10T00:00:00Z,2019,NA,Maud Creek,NA,NA,21825,Undefined longitude or latitude
2019-04-12T00:00:00Z,2019,NA,Maud Creek,NA,NA,21832,Undefined longitude or latitude
2019-04-13T00:00:00Z,2019,NA,Maud Creek,NA,NA,21836,Undefined longitude or latitude
2019-04-16T00:00:00Z,2019,NA,Maud Creek,NA,NA,21847,Undefined longitude or latitude
2019-04-16T00:00:00Z,2019,NA,Maud Creek,NA,NA,21848,Undefined longitude or latitude
2019-04-17T00:00:00Z,2019,NA,Maud Creek,NA,NA,21852,Undefined longitude or latitude
2019-04-17T00:00:00Z,2019,NA,Maud Creek,NA,NA,21853,Undefined longitude or latitude
2019-04-18T00:00:00Z,2019,NA,Maud Creek,NA,NA,21854,Undefined longitude or latitude
2019-04-18T00:00:00Z,2019,NA,Maud Creek,NA,NA,21856,Undefined longitude or latitude
2019-04-18T00:00:00Z,2019,NA,Maud Creek,NA,NA,21857,Undefined longitude or latitude
2019-04-19T00:00:00Z,2019,NA,Maud Creek,NA,NA,21860,Undefined longitude or latitude
2019-04-19T00:00:00Z,2019,NA,Maud Creek,NA,NA,21862,Undefined longitude or latitude
2019-04-19T00:00:00Z,2019,NA,Maud Creek,NA,NA,21864,Undefined longitude or latitude
2019-04-19T00:00:00Z,2019,NA,Maud Creek,NA,NA,21865,Undefined longitude or latitude
2019-04-19T00:00:00Z,2019,NA,Maud Creek,NA,NA,21866,Undefined longitude or latitude
2019-04-19T00:00:00Z,2019,NA,Maud Creek,NA,NA,21867,Undefined longitude or latitude
2019-04-20T00:00:00Z,2019,NA,Maud Creek,NA,NA,21872,Undefined longitude or latitude
2019-04-20T00:00:00Z,2019,NA,Maud Creek,NA,NA,21874,Undefined longitude or latitude
2019-04-20T00:00:00Z,2019,NA,Maud Creek,NA,NA,21875,Undefined longitude or latitude
2019-04-21T00:00:00Z,2019,NA,Maud Creek,NA,NA,21880,Undefined longitude or latitude
2019-04-21T00:00:00Z,2019,NA,Maud Creek,NA,NA,21881,Undefined longitude or latitude
2019-04-21T00:00:00Z,2019,NA,Maud Creek,NA,NA,21882,Undefined longitude or latitude
2019-04-21T00:00:00Z,2019,NA,Maud Creek,NA,NA,21883,Undefined longitude or latitude
2019-04-22T00:00:00Z,2019,NA,Maud Creek,NA,NA,21888,Undefined longitude or latitude
2019-04-22T00:00:00Z,2019,NA,Maud Creek,NA,NA,21889,Undefined longitude or latitude
2019-04-22T00:00:00Z,2019,NA,Maud Creek,NA,NA,21891,Undefined longitude or latitude
2019-04-22T00:00:00Z,2019,NA,Maud Creek,NA,NA,21892,Undefined longitude or latitude
2019-04-22T00:00:00Z,2019,NA,Maud Creek,NA,NA,21893,Undefined longitude or latitude
2019-04-23T00:00:00Z,2019,NA,Maud Creek,NA,NA,21895,Undefined longitude or latitude
2019-04-23T00:00:00Z,2019,NA,Maud Creek,NA,NA,21896,Undefined longitude or latitude
2019-04-23T00:00:00Z,2019,NA,Maud Creek,NA,NA,21897,Undefined longitude or latitude
2019-04-23T00:00:00Z,2019,NA,Maud Creek,NA,NA,21898,Undefined longitude or latitude
2019-04-23T00:00:00Z,2019,NA,Maud Creek,NA,NA,21899,Undefined longitude or latitude
2019-04-24T00:00:00Z,2019,NA,Maud Creek,NA,NA,21901,Undefined longitude or latitude
2019-04-25T00:00:00Z,2019,NA,Maud Creek,NA,NA,21906,Undefined longitude or latitude
2019-04-26T00:00:00Z,2019,NA,Maud Creek,NA,NA,21915,Undefined longitude or latitude
2019-04-27T00:00:00Z,2019,NA,Maud Creek,NA,NA,21917,Undefined longitude or latitude
2019-04-27T00:00:00Z,2019,NA,Maud Creek,NA,NA,21918,Undefined longitude or latitude
2019-04-27T00:00:00Z,2019,NA,Maud Creek,NA,NA,21919,Undefined longitude or latitude
2019-04-27T00:00:00Z,2019,NA,Maud Creek,NA,NA,21920,Undefined longitude or latitude
2019-04-28T00:00:00Z,2019,NA,Maud Creek,NA,NA,21923,Undefined longitude or latitude
2019-04-29T00:00:00Z,2019,NA,Maud Creek,NA,NA,21928,Undefined longitude or latitude
2019-04-30T00:00:00Z,2019,NA,Maud Creek,NA,NA,21929,Undefined longitude or latitude
2019-04-30T00:00:00Z,2019,NA,Maud Creek,NA,NA,21930,Undefined longitude or latitude
2019-05-01T00:00:00Z,2019,NA,Maud Creek,NA,NA,21932,Undefined longitude or latitude
2019-05-01T00:00:00Z,2019,NA,Maud Creek,NA,NA,21933,Undefined longitude or latitude
2019-05-02T00:00:00Z,2019,NA,Maud Creek,NA,NA,21936,Undefined longitude or latitude
2019-05-03T00:00:00Z,2019,NA,Maud Creek,NA,NA,21941,Undefined longitude or latitude
2019-05-03T00:00:00Z,2019,NA,Maud Creek,NA,NA,21942,Undefined longitude or latitude
2019-05-03T00:00:00Z,2019,NA,Maud Creek,NA,NA,21943,Undefined longitude or latitude
2019-05-04T00:00:00Z,2019,NA,Maud Creek,NA,NA,21946,Undefined longitude or latitude
2019-05-05T00:00:00Z,2019,NA,Maud Creek,NA,NA,21954,Undefined longitude or latitude
2019-05-06T00:00:00Z,2019,NA,Maud Creek,NA,NA,21964,Undefined longitude or latitude
2019-05-07T00:00:00Z,2019,NA,Maud Creek,NA,NA,21971,Undefined longitude or latitude
2019-05-08T00:00:00Z,2019,NA,Maud Creek,NA,NA,21974,Undefined longitude or latitude
2019-05-09T00:00:00Z,2019,NA,Maud Creek,NA,NA,21980,Undefined longitude or latitude
2019-05-09T00:00:00Z,2019,NA,Maud Creek,NA,NA,21985,Undefined longitude or latitude
2019-05-11T00:00:00Z,2019,NA,Maud Creek,NA,NA,21997,Undefined longitude or latitude
NA,NA,NA,NA,NA,NA,29805,Undefined longitude or latitude
NA,NA,NA,NA,NA,NA,29817,Undefined longitude or latitude
NA,NA,NA,NA,NA,NA,29838,Undefined longitude or latitude
NA,NA,NA,NA,NA,NA,29840,Undefined longitude or latitude
NA,NA,NA,NA,NA,NA,29857,Undefined longitude or latitude
NA,NA,NA,NA,NA,NA,29862,Undefined longitude or latitude
NA,NA,NA,NA,NA,NA,29867,Undefined longitude or latitude
NA,NA,NA,NA,NA,NA,29871,Undefined longitude or latitude
NA,NA,NA,NA,NA,NA,29874,Undefined longitude or latitude
NA,1898,NA,"as """"British Guiana""""""",NA,NA,29881,Undefined longitude or latitude
NA,NA,Northern Territory,NA,NA,NA,29884,Undefined longitude or latitude
NA,NA,Northern Territory,NA,NA,NA,29886,Undefined longitude or latitude
NA,NA,Northern Territory,NA,NA,NA,29895,Undefined longitude or latitude
NA,NA,Queensland,No data,NA,NA,29925,Undefined longitude or latitude
NA,NA,Queensland,No data,NA,NA,29929,Undefined longitude or latitude
NA,NA,Queensland,"Dunwich, North Stradbroke Island",NA,NA,29934,Undefined longitude or latitude
NA,NA,Northern Territory,McArthur River Bridge,NA,NA,29967,Undefined longitude or latitude
NA,NA,Northern Territory,Cape Crawford,NA,NA,29971,Undefined longitude or latitude
NA,NA,Morobe Province,NA,NA,NA,29977,Undefined longitude or latitude
NA,NA,Morobe Province,NA,NA,NA,29984,Undefined longitude or latitude
NA,NA,Northern Territory,McArthur River Bridge,NA,NA,29987,Undefined longitude or latitude
NA,NA,East New Britain Province,NA,NA,NA,29989,Undefined longitude or latitude
NA,2005,NA,NA,NA,NA,29994,Undefined longitude or latitude
NA,NA,Morobe Province,NA,NA,NA,29995,Undefined longitude or latitude
NA,NA,NA,NA,NA,NA,30007,Undefined longitude or latitude
NA,NA,Northern Territory,Larrakeyah Army Base,NA,NA,30020,Undefined longitude or latitude
NA,NA,Northern Territory,Larrakeyah Army Base,NA,NA,30028,Undefined longitude or latitude
NA,NA,Northern Territory,McArthur River Bridge,NA,NA,30035,Undefined longitude or latitude
NA,NA,Northern Territory,McArthur River Bridge,NA,NA,30036,Undefined longitude or latitude
NA,NA,Northern Territory,Cape Crawford,NA,NA,30037,Undefined longitude or latitude
NA,NA,Western Australia,See remarks,NA,NA,30038,Undefined longitude or latitude
NA,NA,Western Australia,"ATTADALE, PERTH",NA,NA,30043,Undefined longitude or latitude
NA,NA,Queensland,Queensland,NA,NA,30049,Undefined longitude or latitude
NA,NA,Western Australia,Kununurra-Northern Territory border stop,NA,NA,30053,Undefined longitude or latitude
NA,NA,NA,NA,NA,NA,32582,Undefined longitude or latitude
NA,NA,NA,NA,NA,NA,32583,Undefined longitude or latitude
NA,1995,NA,Major's Ck,NA,NA,32604,Undefined longitude or latitude
NA,2000,NA,missing data,NA,NA,32617,Undefined longitude or latitude
NA,1999,Queensland,"Yarraman lease, nth Stradbroke",NA,NA,32619,Undefined longitude or latitude
NA,NA,NA,Mitchell - Gilbert Fans,NA,NA,32692,Undefined longitude or latitude
NA,NA,NA,Georgetown - Croydon,NA,NA,33052,Undefined longitude or latitude
NA,NA,NA,Daintree - Bloomfield,NA,NA,33249,Undefined longitude or latitude
NA,NA,NA,Undara - Toomba Basalts,NA,NA,33445,Undefined longitude or latitude
NA,NA,NA,Hodgkinson Basin,NA,NA,33553,Undefined longitude or latitude
NA,NA,NA,Kidston,NA,NA,33587,Undefined longitude or latitude
NA,NA,NA,Holroyd Plain - Red Plateau,NA,NA,33620,Undefined longitude or latitude
NA,NA,Queensland,Cairns - Barron,NA,NA,33695,Undefined longitude or latitude
NA,NA,Queensland,Kolan,NA,NA,33696,Undefined longitude or latitude
NA,NA,Queensland,Johnstone,NA,NA,33697,Undefined longitude or latitude
NA,NA,Queensland,Douglas,NA,NA,33698,Undefined longitude or latitude
NA,NA,Queensland,Marsden,NA,NA,33699,Undefined longitude or latitude
NA,NA,Queensland,Whitsunday,NA,NA,33700,Undefined longitude or latitude
NA,NA,Queensland,Mareeba,NA,NA,33701,Undefined longitude or latitude
NA,NA,Queensland,Mareeba,NA,NA,33702,Undefined longitude or latitude
NA,NA,Queensland,Taroom,NA,NA,33703,Undefined longitude or latitude
NA,NA,Queensland,Douglas,NA,NA,33704,Undefined longitude or latitude
NA,NA,Queensland,Mareeba,NA,NA,33705,Undefined longitude or latitude
NA,NA,Queensland,Mareeba,NA,NA,33706,Undefined longitude or latitude
NA,NA,Queensland,Cairns - Barron,NA,NA,33707,Undefined longitude or latitude
NA,NA,Queensland,Mareeba,NA,NA,33708,Undefined longitude or latitude
NA,NA,Queensland,Cairns - Pt B,NA,NA,33709,Undefined longitude or latitude
NA,NA,Queensland,Douglas,NA,NA,33710,Undefined longitude or latitude
NA,NA,Queensland,Mareeba,NA,NA,33711,Undefined longitude or latitude
NA,NA,Queensland,Bungil,NA,NA,33712,Undefined longitude or latitude
NA,NA,Queensland,Atherton,NA,NA,33713,Undefined longitude or latitude
NA,NA,Queensland,Marsden,NA,NA,33714,Undefined longitude or latitude
NA,NA,New South Wales,Ballina,NA,NA,33715,Undefined longitude or latitude
NA,NA,New South Wales,Ballina,NA,NA,33716,Undefined longitude or latitude
NA,NA,Queensland,Douglas,NA,NA,33717,Undefined longitude or latitude
NA,NA,Queensland,Mareeba,NA,NA,33718,Undefined longitude or latitude
NA,NA,Queensland,Cairns - Pt B,NA,NA,33719,Undefined longitude or latitude
NA,NA,Queensland,Marsden,NA,NA,33720,Undefined longitude or latitude
NA,NA,Queensland,Mareeba,NA,NA,33721,Undefined longitude or latitude
1966-01-06T00:00:00Z,1966,East New Britain Province,NA,152,-4.33,516,Not in mainland Australia
1967-08-27T00:00:00Z,1967,Central,Port moresby sewerage ponds,147.1944,-9.3944,546,Not in mainland Australia
1969-06-23T00:00:00Z,1969,Central,"PORT MORESBY SEWERAGE PONDS, WAIGANI SWAMP",147.1944,-9.3944,622,Not in mainland Australia
1977-10-17T00:00:00Z,1977,NA,"Gulf Province, Aramia River, Awaba",142.75,-8.02,1343,Not in mainland Australia
1977-10-17T00:00:00Z,1977,NA,"Gulf Province, Aramia River, Awaba",142.75,-8.02,1344,Not in mainland Australia
1983-07-27T00:00:00Z,1983,NA,NA,179.216,-8.516,2340,Not in mainland Australia
1983-07-27T00:00:00Z,1983,NA,NA,179.216,-8.516,2341,Not in mainland Australia
1983-07-31T00:00:00Z,1983,NA,NA,178.5,-18.15,2342,Not in mainland Australia
1996-06-15T00:00:00Z,1996,NA,NA,158.2083,6.9611,5283,Not in mainland Australia
1996-06-15T00:00:00Z,1996,NA,NA,158.2083,6.9611,5284,Not in mainland Australia
1996-06-15T00:00:00Z,1996,NA,NA,158.2083,6.9611,5285,Not in mainland Australia
1996-06-15T00:00:00Z,1996,NA,NA,158.2083,6.9611,5286,Not in mainland Australia
1996-06-15T00:00:00Z,1996,NA,"POHNPEI IS, PENNY HOTEL, KOLONIA",158.2083,6.9611,5287,Not in mainland Australia
1996-06-15T00:00:00Z,1996,NA,"POHNPEI IS, PENNY HOTEL, KOLONIA",158.2083,6.9611,5288,Not in mainland Australia
1996-06-15T00:00:00Z,1996,NA,"POHNPEI IS, PENNY HOTEL, KOLONIA",158.2083,6.9611,5289,Not in mainland Australia
1996-06-15T00:00:00Z,1996,NA,NA,158.2083,6.9611,5290,Not in mainland Australia
1996-06-19T00:00:00Z,1996,NA,NA,158.225,6.8583,5292,Not in mainland Australia
1996-06-19T00:00:00Z,1996,NA,"POHNPEI IS,ROCK SHELTER NR NANLAUD,KITTI MUNICIPAL",158.225,6.8583,5293,Not in mainland Australia
1996-06-25T00:00:00Z,1996,NA,NA,158.2292,6.9917,5296,Not in mainland Australia
1996-06-25T00:00:00Z,1996,NA,NA,158.2292,6.9917,5297,Not in mainland Australia
1996-06-25T00:00:00Z,1996,NA,"LENGER IS, OFFSHORE IS N OF KOLONIA",158.2292,6.9917,5298,Not in mainland Australia
1996-08-25T00:00:00Z,1996,NA,NA,151.8444,7.4292,5317,Not in mainland Australia
1996-08-25T00:00:00Z,1996,NA,"CHUUK, MOEN IS, NR MIZPAH CHRISTIAN SCHOOL",151.8444,7.4292,5318,Not in mainland Australia
2000-05-24T00:00:00Z,2000,Choiseul Province,NA,157.2139,-7.3442,6579,Not in mainland Australia
2008-07-05T00:00:00Z,2008,NA,NA,142.958667,-8.036917,10312,Not in mainland Australia
2008-07-05T00:00:00Z,2008,NA,NA,142.958667,-8.036917,10313,Not in mainland Australia
2008-07-05T00:00:00Z,2008,NA,NA,142.958667,-8.036917,10314,Not in mainland Australia
2008-07-05T00:00:00Z,2008,NA,NA,142.958667,-8.036917,10315,Not in mainland Australia
2008-07-05T00:00:00Z,2008,NA,NA,142.958667,-8.036917,10316,Not in mainland Australia
2008-07-05T00:00:00Z,2008,NA,NA,142.958667,-8.036917,10317,Not in mainland Australia
2008-07-05T00:00:00Z,2008,NA,NA,142.958667,-8.036917,10318,Not in mainland Australia
2008-07-05T00:00:00Z,2008,NA,NA,142.958667,-8.036917,10319,Not in mainland Australia
2008-07-05T00:00:00Z,2008,NA,NA,142.958667,-8.036917,10320,Not in mainland Australia
2008-07-05T00:00:00Z,2008,NA,NA,142.958667,-8.036917,10321,Not in mainland Australia
2008-07-05T00:00:00Z,2008,NA,NA,142.958667,-8.036917,10322,Not in mainland Australia
2008-07-05T00:00:00Z,2008,NA,NA,142.958667,-8.036917,10323,Not in mainland Australia
2008-07-05T00:00:00Z,2008,NA,NA,142.958667,-8.036917,10324,Not in mainland Australia
2008-07-05T00:00:00Z,2008,NA,NA,142.958667,-8.036917,10325,Not in mainland Australia
2008-07-05T00:00:00Z,2008,NA,NA,142.958667,-8.036917,10326,Not in mainland Australia
2008-07-05T00:00:00Z,2008,NA,NA,142.958667,-8.036917,10327,Not in mainland Australia
2008-07-05T00:00:00Z,2008,NA,NA,142.958667,-8.036917,10328,Not in mainland Australia
2008-07-05T00:00:00Z,2008,NA,NA,142.958667,-8.036917,10329,Not in mainland Australia
2008-07-06T00:00:00Z,2008,NA,NA,142.958667,-8.036917,10330,Not in mainland Australia
2008-07-06T00:00:00Z,2008,NA,NA,142.958667,-8.036917,10331,Not in mainland Australia
2008-07-18T00:00:00Z,2008,NA,NA,147.22874,-9.19607,10340,Not in mainland Australia
2015-03-15T00:00:00Z,2015,Central,Agevairu Station; on Hiritano Hwy; just West of Aroa River,146.81718,-9.02053,15786,Not in mainland Australia
2015-03-15T00:00:00Z,2015,Central,Agevairu Station; on Hiritano Hwy; just West of Aroa River,146.81718,-9.02053,15787,Not in mainland Australia
2015-03-15T00:00:00Z,2015,Central,Agevairu Station; on Hiritano Hwy; just West of Aroa River,146.81718,-9.02053,15788,Not in mainland Australia
2015-03-15T00:00:00Z,2015,Central,Agevairu Station; on Hiritano Hwy; just West of Aroa River,146.81718,-9.02053,15789,Not in mainland Australia
2015-03-15T00:00:00Z,2015,Central,Agevairu Station; on Hiritano Hwy; just West of Aroa River,146.81718,-9.02053,15790,Not in mainland Australia
2015-03-15T00:00:00Z,2015,Central,Agevairu Station; on Hiritano Hwy; just West of Aroa River,146.81718,-9.02053,15791,Not in mainland Australia
2015-03-15T00:00:00Z,2015,Central,Agevairu Station; on Hiritano Hwy; just West of Aroa River,146.81718,-9.02053,15792,Not in mainland Australia
2015-03-15T00:00:00Z,2015,Central,Agevairu Station; on Hiritano Hwy; just West of Aroa River,146.81718,-9.02053,15793,Not in mainland Australia
2015-03-15T00:00:00Z,2015,Central,Agevairu Station; on Hiritano Hwy; just West of Aroa River,146.81718,-9.02053,15794,Not in mainland Australia
2015-03-15T00:00:00Z,2015,Central,Agevairu Station; on Hiritano Hwy; just West of Aroa River,146.81718,-9.02053,15795,Not in mainland Australia
2015-03-15T00:00:00Z,2015,Central,Agevairu Station; on Hiritano Hwy; just West of Aroa River,146.81718,-9.02053,15796,Not in mainland Australia
2015-03-15T00:00:00Z,2015,Central,Agevairu Station; on Hiritano Hwy; just West of Aroa River,146.81718,-9.02053,15797,Not in mainland Australia
2015-03-15T00:00:00Z,2015,Central,Agevairu Station; on Hiritano Hwy; just West of Aroa River,146.81718,-9.02053,15798,Not in mainland Australia
2015-03-15T00:00:00Z,2015,Central,Agevairu Station; on Hiritano Hwy; just West of Aroa River,146.81718,-9.02053,15799,Not in mainland Australia
2015-03-15T00:00:00Z,2015,Central,Agevairu Station; on Hiritano Hwy; just West of Aroa River,146.81718,-9.02053,15800,Not in mainland Australia
2015-03-15T00:00:00Z,2015,Central,Agevairu Station; on Hiritano Hwy; just West of Aroa River,146.81718,-9.02053,15801,Not in mainland Australia
2015-03-15T00:00:00Z,2015,Central,Agevairu Station; on Hiritano Hwy; just West of Aroa River,146.81718,-9.02053,15802,Not in mainland Australia
2015-03-15T00:00:00Z,2015,Central,Agevairu Station; on Hiritano Hwy; just West of Aroa River,146.81718,-9.02053,15803,Not in mainland Australia
2015-03-15T00:00:00Z,2015,Central,Agevairu Station; on Hiritano Hwy; just West of Aroa River,146.81718,-9.02053,15804,Not in mainland Australia
2015-03-15T00:00:00Z,2015,Central,Agevairu Station; on Hiritano Hwy; just West of Aroa River,146.81718,-9.02053,15805,Not in mainland Australia
2018-04-05T22:45:00Z,2018,NA,NA,125.616662,7.086348,20316,Not in mainland Australia
2018-11-06T11:01:22Z,2018,NA,NA,141.132345,-5.957558,20801,Not in mainland Australia
2018-11-06T11:01:33Z,2018,NA,NA,141.132345,-5.957558,20802,Not in mainland Australia
2019-01-13T19:39:26Z,2019,NA,NA,-61.233333,10.266667,21221,Not in mainland Australia
2019-01-15T20:05:57Z,2019,NA,NA,-61.235656,10.268039,21231,Not in mainland Australia
2019-06-07T19:36:00Z,2019,NA,NA,121.089058,14.591892,22221,Not in mainland Australia
2019-06-23T19:47:00Z,2019,NA,NA,177.365833,-17.773333,22333,Not in mainland Australia
2019-06-25T21:36:00Z,2019,NA,NA,177.36705,-17.772597,22341,Not in mainland Australia
2019-12-30T21:01:00Z,2019,NA,NA,-75.01931,6.481932,22903,Not in mainland Australia
2021-02-11T04:50:00Z,2021,NA,NA,126,9.9,25311,Not in mainland Australia
2021-07-18T22:27:00Z,2021,NA,NA,-85.4,29.7,26129,Not in mainland Australia
NA,NA,NA,NA,-90,16,29843,Not in mainland Australia
NA,NA,New South Wales,"Norfolk Is, outside Colonial Hotel",168.0005481,-29.0818077,29907,Not in mainland Australia
NA,NA,Morobe Province,Wau,146.7167,-7.3333,29940,Not in mainland Australia
NA,NA,Morobe Province,Wau,146.7167,-7.3333,29941,Not in mainland Australia
NA,NA,Morobe Province,Wau,146.7167,-7.3333,29943,Not in mainland Australia
NA,NA,Morobe Province,Wau,146.7167,-7.3333,29944,Not in mainland Australia
NA,NA,Morobe Province,Wau,146.7167,-7.3333,29946,Not in mainland Australia
NA,NA,National Capital District,Moitaka,147.22,-9.43,29947,Not in mainland Australia
NA,NA,Morobe Province,Wau,146.7167,-7.3333,29948,Not in mainland Australia
NA,NA,National Capital District,Moitaka,147.22,-9.43,29949,Not in mainland Australia
NA,NA,Morobe Province,Wau,146.7167,-7.3333,29950,Not in mainland Australia
NA,NA,Morobe Province,Wau,146.7167,-7.3333,29951,Not in mainland Australia
NA,NA,National Capital District,Moitaka,147.22,-9.43,29953,Not in mainland Australia
NA,NA,Morobe Province,Wau,146.7167,-7.3333,29954,Not in mainland Australia
NA,NA,Morobe Province,Wau,146.7167,-7.3333,29955,Not in mainland Australia
NA,NA,Morobe Province,Wau,146.7167,-7.3333,29956,Not in mainland Australia
NA,NA,National Capital District,Moitaka,147.22,-9.43,29957,Not in mainland Australia
NA,NA,National Capital District,Moitaka,147.22,-9.43,29958,Not in mainland Australia
NA,NA,Morobe Province,Wau,146.7167,-7.3333,29959,Not in mainland Australia
NA,NA,Morobe Province,Wau,146.7167,-7.3333,29960,Not in mainland Australia
NA,NA,Morobe Province,Wau,146.7167,-7.3333,29961,Not in mainland Australia
NA,NA,Morobe Province,Wau,146.7167,-7.3333,29962,Not in mainland Australia
NA,NA,Morobe Province,Wau,146.7167,-7.3333,29963,Not in mainland Australia
NA,NA,Morobe Province,Wau,146.7167,-7.3333,29964,Not in mainland Australia
NA,NA,Morobe Province,Wau,146.7167,-7.3333,29965,Not in mainland Australia
NA,NA,Morobe Province,Wau,146.7167,-7.3333,29966,Not in mainland Australia
NA,NA,Morobe Province,Wau,146.7167,-7.3333,29968,Not in mainland Australia
NA,NA,Morobe Province,Wau,146.7167,-7.3333,29969,Not in mainland Australia
NA,NA,Morobe Province,Wau,146.7167,-7.3333,29970,Not in mainland Australia
NA,NA,Morobe Province,Wau,146.7167,-7.3333,29972,Not in mainland Australia
NA,NA,Morobe Province,Wau,146.7167,-7.3333,29973,Not in mainland Australia
NA,NA,Morobe Province,Wau,146.7167,-7.3333,29974,Not in mainland Australia
NA,NA,Morobe Province,Wau,146.7167,-7.3333,29975,Not in mainland Australia
NA,NA,Morobe Province,Wau,146.7167,-7.3333,29976,Not in mainland Australia
NA,NA,Morobe Province,Wau,146.7167,-7.3333,29978,Not in mainland Australia
NA,NA,Morobe Province,Wau,146.7167,-7.3333,29980,Not in mainland Australia
NA,NA,Morobe Province,Wau,146.7167,-7.3333,29981,Not in mainland Australia
NA,NA,Morobe Province,Wau,146.7167,-7.3333,29982,Not in mainland Australia
NA,NA,Morobe Province,Wau,146.7167,-7.3333,29983,Not in mainland Australia
NA,NA,National Capital District,Moitaka,147.22,-9.43,29986,Not in mainland Australia
NA,NA,National Capital District,Moitaka,147.22,-9.43,29988,Not in mainland Australia
NA,NA,Manus Province,NA,147.25,-2.02,29990,Not in mainland Australia
NA,NA,Morobe Province,Wau,146.7167,-7.3333,29991,Not in mainland Australia
NA,NA,Morobe Province,Wau,146.7167,-7.3333,29992,Not in mainland Australia
NA,NA,Morobe Province,Wau,146.7167,-7.3333,29993,Not in mainland Australia
NA,NA,Morobe Province,Wau,146.7167,-7.3333,29996,Not in mainland Australia
NA,NA,Manus Province,NA,147.25,-2.02,29997,Not in mainland Australia
NA,NA,Morobe Province,Wau,146.7167,-7.3333,29998,Not in mainland Australia
NA,NA,Morobe Province,Wau,146.7167,-7.3333,29999,Not in mainland Australia
NA,NA,Morobe Province,Wau,146.7167,-7.3333,30000,Not in mainland Australia
NA,NA,Morobe Province,Wau,146.7167,-7.3333,30001,Not in mainland Australia
NA,NA,Morobe Province,Wau,146.7167,-7.3333,30002,Not in mainland Australia
NA,NA,Morobe Province,Wau,146.7167,-7.3333,30003,Not in mainland Australia
NA,NA,Morobe Province,Wau,146.7167,-7.3333,30004,Not in mainland Australia
NA,NA,Morobe Province,Wau,146.7167,-7.3333,30005,Not in mainland Australia
NA,NA,National Capital District,Moitaka,147.22,-9.43,30006,Not in mainland Australia
NA,NA,Morobe Province,Wau,146.7167,-7.3333,30008,Not in mainland Australia
NA,NA,Morobe Province,Wau,146.7167,-7.3333,30009,Not in mainland Australia
NA,NA,Morobe Province,Wau,146.7167,-7.3333,30010,Not in mainland Australia
NA,NA,East New Britain Province,NA,152,-4.33,30011,Not in mainland Australia
NA,NA,Morobe Province,Wau,146.7167,-7.3333,30012,Not in mainland Australia
NA,NA,Morobe Province,Wau,146.7167,-7.3333,30013,Not in mainland Australia
NA,NA,Morobe Province,Wau,146.7167,-7.3333,30014,Not in mainland Australia
NA,NA,Manus Province,NA,147.25,-2.02,30015,Not in mainland Australia
NA,NA,Morobe Province,Wau,146.7167,-7.3333,30016,Not in mainland Australia
NA,NA,Morobe Province,Wau,146.7167,-7.3333,30017,Not in mainland Australia
NA,NA,Morobe Province,Wau,146.7167,-7.3333,30018,Not in mainland Australia
NA,NA,Morobe Province,Wau,146.7167,-7.3333,30019,Not in mainland Australia
NA,NA,Morobe Province,Wau,146.7167,-7.3333,30022,Not in mainland Australia
NA,NA,National Capital District,Moitaka,147.22,-9.43,30023,Not in mainland Australia
NA,NA,Manus Province,NA,147.25,-2.02,30025,Not in mainland Australia
NA,NA,Morobe Province,Wau,146.7167,-7.3333,30026,Not in mainland Australia
NA,NA,Morobe Province,Wau,146.7167,-7.3333,30027,Not in mainland Australia
NA,NA,Morobe Province,Wau,146.7167,-7.3333,30030,Not in mainland Australia
NA,NA,Morobe Province,Wau,146.7167,-7.3333,30031,Not in mainland Australia
NA,NA,Morobe Province,Wau,146.7167,-7.3333,30032,Not in mainland Australia
NA,NA,National Capital District,Moitaka,147.22,-9.43,30033,Not in mainland Australia
NA,NA,Morobe Province,Wau,146.7167,-7.3333,30034,Not in mainland Australia
NA,2019,NA,Middle Arm,130.935044,-9.865279,31316,Not in mainland Australia
1980-01-01T00:00:00Z,1980,New South Wales,locality withheld,146.995827,-35.192398,1894,"In mainland Australia, but not in known cane toad habitat"
1980-01-01T00:00:00Z,1980,New South Wales,locality withheld,146.960612,-36.048293,1991,"In mainland Australia, but not in known cane toad habitat"
1990-04-14T00:00:00Z,1990,Victoria,"Melbourne, corner of Caroline & Ford streets, Ringwood",145.23,-37.82,2543,"In mainland Australia, but not in known cane toad habitat"
1990-04-23T00:00:00Z,1990,Victoria,"Mornington Peninsula, Mt. Martha, 11 Clark Avenue",145,-38.3,2545,"In mainland Australia, but not in known cane toad habitat"
1990-07-21T00:00:00Z,1990,Victoria,"Melbourne, Mt. Martha, 100 metres SE of Augusta Street",145,-38.3,2562,"In mainland Australia, but not in known cane toad habitat"
1998-10-06T00:00:00Z,1998,South Australia,NA,138.60137,-34.74842,6007,"In mainland Australia, but not in known cane toad habitat"
2002-11-01T00:00:00Z,2002,Northern Territory,NA,133.8667,-23.7,7249,"In mainland Australia, but not in known cane toad habitat"
2004-07-01T00:00:00Z,2004,New South Wales,locality withheld,144.520683,-35.645747,8189,"In mainland Australia, but not in known cane toad habitat"
2008-02-14T00:00:00Z,2008,South Australia,NA,138.6056,-34.8111,10185,"In mainland Australia, but not in known cane toad habitat"
2013-03-13T05:24:00Z,2013,Northern Territory,NA,134.1,-25.7,12876,"In mainland Australia, but not in known cane toad habitat"
2017-03-07T00:00:00Z,2017,New South Wales,locality withheld,148.329322,-36.431411,18167,"In mainland Australia, but not in known cane toad habitat"
2021-02-04T00:00:00Z,2021,New South Wales,locality withheld,149.120224,-36.250765,25235,"In mainland Australia, but not in known cane toad habitat"
NA,NA,South Australia,NA,138.6,-34.95,30024,"In mainland Australia, but not in known cane toad habitat"
NA,NA,Western Australia,"Tom Price, Town Centre",117.794444,-22.693889,30039,"In mainland Australia, but not in known cane toad habitat"
NA,NA,Western Australia,Karratha,116.85,-20.733333,30046,"In mainland Australia, but not in known cane toad habitat"
NA,NA,Western Australia,Roy Hill Mine Accomodation Village,120.011389,-22.490556,30047,"In mainland Australia, but not in known cane toad habitat"
NA,NA,Western Australia,Worseley Alumina Refinery,116.066944,-33.239167,30048,"In mainland Australia, but not in known cane toad habitat"
NA,NA,Northern Territory,NA,134.1,-25.7,32580,"In mainland Australia, but not in known cane toad habitat"
